,mean,std
0,29.48821068,0.496736685
1,27.40339661,0.434905608
2,26.23538208,0.396749338
3,25.47910118,0.505541748
4,24.91021538,0.471478621
5,24.37686729,0.439275795
6,23.94423485,0.411348867
7,23.61189079,0.527632825
8,23.36824226,0.549988906
9,23.13610458,0.527476509
10,22.96409416,0.512543321
11,22.82279778,0.498406529
12,22.69660378,0.4815437
13,22.57603836,0.476359725
14,22.49461555,0.480786403
15,22.42726898,0.481688937
